
SET NAMES utf8mb4;
SET @OLD_UNIQUE_CHECKS=@@UNIQUE_CHECKS, UNIQUE_CHECKS=0;
SET @OLD_FOREIGN_KEY_CHECKS=@@FOREIGN_KEY_CHECKS, FOREIGN_KEY_CHECKS=0;
SET @OLD_SQL_MODE=@@SQL_MODE, SQL_MODE='TRADITIONAL';
SET @old_autocommit=@@autocommit;

USE db_typ_engineer;

INSERT INTO `word_types` (`word_type_id` ,`word_type`, `created_at`, `updated_at`, `is_deleted`) VALUES
('1','basic', cast( now() as datetime), cast( now() as datetime), false),
('2','advance', cast( now() as datetime), cast( now() as datetime), false),
('3','beginner', cast( now() as datetime), cast( now() as datetime), false),
('4','abbreviation', cast( now() as datetime), cast( now() as datetime), false),
('5','initials', cast( now() as datetime), cast( now() as datetime), false);

INSERT INTO `parts_of_speeches` (`parts_of_speech_id` ,`parts_of_speech`, `created_at`, `updated_at`, `is_deleted`) VALUES
('1','名詞', cast( now() as datetime), cast( now() as datetime), false),
('2','代名詞', cast( now() as datetime), cast( now() as datetime), false),
('3','動詞', cast( now() as datetime), cast( now() as datetime), false),
('4','形容詞', cast( now() as datetime), cast( now() as datetime), false),
('5','形容動詞', cast( now() as datetime), cast( now() as datetime), true),
('6','連対詞', cast( now() as datetime), cast( now() as datetime),true),
('7','副詞', cast( now() as datetime), cast( now() as datetime), false),
('8','接続詞', cast( now() as datetime), cast( now() as datetime), true),
('9','感動詞', cast( now() as datetime), cast( now() as datetime), true),
('10','助動詞', cast( now() as datetime), cast( now() as datetime), true),
('11','助詞', cast( now() as datetime), cast( now() as datetime), true),
('12','前置詞', cast( now() as datetime), cast( now() as datetime), false),
('13','動詞／名詞', cast( now() as datetime), cast( now() as datetime), false),
('14','動詞／形容詞', cast( now() as datetime), cast( now() as datetime), false),
('15','名詞／形容詞', cast( now() as datetime), cast( now() as datetime), false),
('0','なし', cast( now() as datetime), cast( now() as datetime), false);

INSERT INTO `words` (`word`, `parts_of_speech_id`, `description`,  `word_type_id`  ,`created_at`, `updated_at`, `is_deleted`) VALUES
('accept','3','受諾する、受け入れる','1', cast( now() as datetime), cast( now() as datetime), false),
('access','13','アクセスする、利用する、入手する／アクセス','1', cast( now() as datetime), cast( now() as datetime), false),
('account','1','アカウント、口座','1', cast( now() as datetime), cast( now() as datetime), false),
('algorithm','1','アルゴリズム','1', cast( now() as datetime), cast( now() as datetime), false),
('allow','3','可能にする、許可する','1', cast( now() as datetime), cast( now() as datetime), false),
('alternative','4','代替の','1', cast( now() as datetime), cast( now() as datetime), false),
('application','1','アプリケーション','1', cast( now() as datetime), cast( now() as datetime), false),
('apply','3','適用する','1', cast( now() as datetime), cast( now() as datetime), false),
('argument','1','引数、実引数','1', cast( now() as datetime), cast( now() as datetime), false),
('array','1','配列','1', cast( now() as datetime), cast( now() as datetime), false),
('attribute','1','属性','1', cast( now() as datetime), cast( now() as datetime), false),
('audio','1','オーディオ、音声','1', cast( now() as datetime), cast( now() as datetime), false),
('author','1','作成者','1', cast( now() as datetime), cast( now() as datetime), false),
('available','4','利用可能な、入手可能な','1', cast( now() as datetime), cast( now() as datetime), false),
('avoid','3','回避する','1', cast( now() as datetime), cast( now() as datetime), false),
('backup','1','バックアップ','1', cast( now() as datetime), cast( now() as datetime), false),
('based','4','ベースの、〜に基づく','1', cast( now() as datetime), cast( now() as datetime), false),
('bit','1','ビット','1', cast( now() as datetime), cast( now() as datetime), false),
('blank','4','空白の','1', cast( now() as datetime), cast( now() as datetime), false),
('block','13','ブロック／ブロックする','1', cast( now() as datetime), cast( now() as datetime), false),
('boolean','4','ブールの','1', cast( now() as datetime), cast( now() as datetime), false),
('branch','1','ブランチ、分岐','1', cast( now() as datetime), cast( now() as datetime), false),
('browser','1','ブラウザー','1', cast( now() as datetime), cast( now() as datetime), false),
('bug','1','バグ','1', cast( now() as datetime), cast( now() as datetime), false),
('byte','1','バイト','1', cast( now() as datetime), cast( now() as datetime), false),
('cache','1','キャッシュ','1', cast( now() as datetime), cast( now() as datetime), false),
('cancel','3','キャンセルする、取り消す','1', cast( now() as datetime), cast( now() as datetime), false),
('capacity','1','容量','1', cast( now() as datetime), cast( now() as datetime), false),
('case','1','場合、ケース、大文字小文字の区別','1', cast( now() as datetime), cast( now() as datetime), false),
('character','1','文字','1', cast( now() as datetime), cast( now() as datetime), false),
('checkbox','1','チェックボックス','1', cast( now() as datetime), cast( now() as datetime), false),
('choice','1','選択','1', cast( now() as datetime), cast( now() as datetime), false),
('clear','3','消去する','1', cast( now() as datetime), cast( now() as datetime), false),
('click','3','クリックする','1', cast( now() as datetime), cast( now() as datetime), false),
('client','1','クライアント','1', cast( now() as datetime), cast( now() as datetime), false),
('clipboard','1','クリップボード','1', cast( now() as datetime), cast( now() as datetime), false),
('cloud','1','クラウド','1', cast( now() as datetime), cast( now() as datetime), false),
('cluster','1','クラスター','1', cast( now() as datetime), cast( now() as datetime), false),
('code','1','コード','1', cast( now() as datetime), cast( now() as datetime), false),
('collection','1','コレクション、収集','1', cast( now() as datetime), cast( now() as datetime), false),
('column','1','列、カラム','1', cast( now() as datetime), cast( now() as datetime), false),
('command','1','コマンド、命令','1', cast( now() as datetime), cast( now() as datetime), false),
('comment','13','コメント／コメントする','1', cast( now() as datetime), cast( now() as datetime), false),
('commit','3','コミットする、（処理などを）確定する','1', cast( now() as datetime), cast( now() as datetime), false),
('communication','1','通信、コミュニケーション','1', cast( now() as datetime), cast( now() as datetime), false),
('component','1','コンポーネント、部品','1', cast( now() as datetime), cast( now() as datetime), false),
('condition','1','条件','1', cast( now() as datetime), cast( now() as datetime), false),
('configuration','1','構成','1', cast( now() as datetime), cast( now() as datetime), false),
('connect','3','接続する','1', cast( now() as datetime), cast( now() as datetime), false),
('connection','1','接続','1', cast( now() as datetime), cast( now() as datetime), false),
('console','1','コンソール','1', cast( now() as datetime), cast( now() as datetime), false),
('constant','15','定数／一定の','1', cast( now() as datetime), cast( now() as datetime), false),
('constructor','1','コンストラクター','1', cast( now() as datetime), cast( now() as datetime), false),
('contain','3','含む','1', cast( now() as datetime), cast( now() as datetime), false),
('container','1','コンテナー','1', cast( now() as datetime), cast( now() as datetime), false),
('content','1','内容、コンテンツ','1', cast( now() as datetime), cast( now() as datetime), false),
('context','1','コンテキスト、文脈','1', cast( now() as datetime), cast( now() as datetime), false),
('continue','3','続行する','1', cast( now() as datetime), cast( now() as datetime), false),
('control','13','制御、コントロール／制御する','1', cast( now() as datetime), cast( now() as datetime), false),
('cookie','1','クッキー','1', cast( now() as datetime), cast( now() as datetime), false),
('core','15','コア／最重要の','1', cast( now() as datetime), cast( now() as datetime), false),
('correctly','7','正しく、正常に','1', cast( now() as datetime), cast( now() as datetime), false),
('count','13','数える／回数、数','1', cast( now() as datetime), cast( now() as datetime), false),
('current','4','現在の','1', cast( now() as datetime), cast( now() as datetime), false),
('cursor','1','カーソル','1', cast( now() as datetime), cast( now() as datetime), false),
('custom','4','カスタムの、ユーザー設定の','1', cast( now() as datetime), cast( now() as datetime), false),
('customize','3','カスタマイズする','1', cast( now() as datetime), cast( now() as datetime), false),
('damage','1','損害、ダメージ','1', cast( now() as datetime), cast( now() as datetime), false),
('dashboard','1','ダッシュボード','1', cast( now() as datetime), cast( now() as datetime), false),
('data','1','データ','1', cast( now() as datetime), cast( now() as datetime), false),
('database','1','データベース','1', cast( now() as datetime), cast( now() as datetime), false),
('debug','13','デバッグする／デバッグ','1', cast( now() as datetime), cast( now() as datetime), false),
('default','13','デフォルト、既定値／デフォルトで〜になる','1', cast( now() as datetime), cast( now() as datetime), false),
('define','3','定義する','1', cast( now() as datetime), cast( now() as datetime), false),
('delete','3','削除する','1', cast( now() as datetime), cast( now() as datetime), false),
('destroy','3','破棄する','1', cast( now() as datetime), cast( now() as datetime), false),
('determine','3','判別する、決定する','1', cast( now() as datetime), cast( now() as datetime), false),
('developer','1','開発者','1', cast( now() as datetime), cast( now() as datetime), false),
('development','1','開発','1', cast( now() as datetime), cast( now() as datetime), false),
('device','1','機器、デバイス','1', cast( now() as datetime), cast( now() as datetime), false),
('dialog','1','ダイアログ','1', cast( now() as datetime), cast( now() as datetime), false),
('directory','1','ディレクトリー','1', cast( now() as datetime), cast( now() as datetime), false),
('disk','1','ディスク','1', cast( now() as datetime), cast( now() as datetime), false),
('document','13','ドキュメント、文書／（文書で）記録する、詳しく記載する','1', cast( now() as datetime), cast( now() as datetime), false),
('documentation','1','ドキュメント、資料','1', cast( now() as datetime), cast( now() as datetime), false),
('domain','1','ドメイン','1', cast( now() as datetime), cast( now() as datetime), false),
('download','3','ダウンロードする','1', cast( now() as datetime), cast( now() as datetime), false),
('driver','1','ドライバー','1', cast( now() as datetime), cast( now() as datetime), false),
('drop-down','4','ドロップダウンの','1', cast( now() as datetime), cast( now() as datetime), false),
('edit','3','編集する','1', cast( now() as datetime), cast( now() as datetime), false),
('editor','1','エディター','1', cast( now() as datetime), cast( now() as datetime), false),
('element','1','要素','1', cast( now() as datetime), cast( now() as datetime), false),
('empty','4','空の','1', cast( now() as datetime), cast( now() as datetime), false),
('enter','3','入力する','1', cast( now() as datetime), cast( now() as datetime), false),
('entry','1','エントリー、入力','1', cast( now() as datetime), cast( now() as datetime), false),
('environment','1','環境','1', cast( now() as datetime), cast( now() as datetime), false),
('equal','14','等しい／〜に等しい','1', cast( now() as datetime), cast( now() as datetime), false),
('error','1','エラー','1', cast( now() as datetime), cast( now() as datetime), false),
('except','12','〜を除く','1', cast( now() as datetime), cast( now() as datetime), false),
('exception','1','例外','1', cast( now() as datetime), cast( now() as datetime), false),
('exist','3','存在する','1', cast( now() as datetime), cast( now() as datetime), false),
('exit','3','終了する','1', cast( now() as datetime), cast( now() as datetime), false),
('expand','3','拡大する、展開する','1', cast( now() as datetime), cast( now() as datetime), false),
('expected','4','期待された','1', cast( now() as datetime), cast( now() as datetime), false),
('export','13','エクスポート／エクスポートする','1', cast( now() as datetime), cast( now() as datetime), false),
('express','14','表現する／明示された','1', cast( now() as datetime), cast( now() as datetime), false),
('expression','1','表現、式','1', cast( now() as datetime), cast( now() as datetime), false),
('fail','3','失敗する','1', cast( now() as datetime), cast( now() as datetime), false),
('feature','1','機能、特徴','1', cast( now() as datetime), cast( now() as datetime), false),
('field','1','フィールド','1', cast( now() as datetime), cast( now() as datetime), false),
('file','1','ファイル','1', cast( now() as datetime), cast( now() as datetime), false),
('filter','13','フィルター／絞り込む','1', cast( now() as datetime), cast( now() as datetime), false),
('fix','3','修正する、解決する','1', cast( now() as datetime), cast( now() as datetime), false),
('flag','1','フラグ','1', cast( now() as datetime), cast( now() as datetime), false),
('folder','1','フォルダー','1', cast( now() as datetime), cast( now() as datetime), false),
('following','15','次に述べる／次の項目','1', cast( now() as datetime), cast( now() as datetime), false),
('font','1','フォント','1', cast( now() as datetime), cast( now() as datetime), false),
('force','3','強制する','1', cast( now() as datetime), cast( now() as datetime), false),
('format','13','フォーマット、書式、形式／初期化する、書式設定する','1', cast( now() as datetime), cast( now() as datetime), false),
('function','1','機能、関数','1', cast( now() as datetime), cast( now() as datetime), false),
('general','4','全般の、一般の','1', cast( now() as datetime), cast( now() as datetime), false),
('generate','3','生成する','1', cast( now() as datetime), cast( now() as datetime), false),
('global','4','グローバルな、大域の','1', cast( now() as datetime), cast( now() as datetime), false),
('graphic','1','グラフィック、画像','1', cast( now() as datetime), cast( now() as datetime), false),
('guide','1','ガイド','1', cast( now() as datetime), cast( now() as datetime), false),
('hardware','1','ハードウェア','1', cast( now() as datetime), cast( now() as datetime), false),
('height','1','高さ','1', cast( now() as datetime), cast( now() as datetime), false),
('hide','3','隠す、非表示にする','1', cast( now() as datetime), cast( now() as datetime), false),
('highlight','13','ハイライト／強調表示する','1', cast( now() as datetime), cast( now() as datetime), false),
('host','1','ホスト','1', cast( now() as datetime), cast( now() as datetime), false),
('icon','1','アイコン','1', cast( now() as datetime), cast( now() as datetime), false),
('ignore','3','無視する','1', cast( now() as datetime), cast( now() as datetime), false),
('image','1','画像、イメージ','1', cast( now() as datetime), cast( now() as datetime), false),
('import','13','インポート／インポートする','1', cast( now() as datetime), cast( now() as datetime), false),
('including','12','〜を含めて','1', cast( now() as datetime), cast( now() as datetime), false),
('index','1','インデックス、索引、添字','1', cast( now() as datetime), cast( now() as datetime), false),
('indicate','3','示す','1', cast( now() as datetime), cast( now() as datetime), false),
('input','13','入力／入力する','1', cast( now() as datetime), cast( now() as datetime), false),
('install','3','インストールする','1', cast( now() as datetime), cast( now() as datetime), false),
('installer','1','インストーラー','1', cast( now() as datetime), cast( now() as datetime), false),
('instance','1','インスタンス、実例','1', cast( now() as datetime), cast( now() as datetime), false),
('instruction','1','指示','1', cast( now() as datetime), cast( now() as datetime), false),
('integer','1','整数','1', cast( now() as datetime), cast( now() as datetime), false),
('interface','1','インターフェイス','1', cast( now() as datetime), cast( now() as datetime), false),
('issue','1','問題点','1', cast( now() as datetime), cast( now() as datetime), false),
('item','1','項目','1', cast( now() as datetime), cast( now() as datetime), false),
('label','13','ラベル／ラベルを貼る','1', cast( now() as datetime), cast( now() as datetime), false),
('latest','4','最近の','1', cast( now() as datetime), cast( now() as datetime), false),
('layer','1','レイヤー、層','1', cast( now() as datetime), cast( now() as datetime), false),
('layout','1','レイアウト','1', cast( now() as datetime), cast( now() as datetime), false),
('length','1','長さ','1', cast( now() as datetime), cast( now() as datetime), false),
('level_id','1','レベル、水準','1', cast( now() as datetime), cast( now() as datetime), false),
('library','1','ライブラリー','1', cast( now() as datetime), cast( now() as datetime), false),
('license','13','ライセンス／ライセンス供与する','1', cast( now() as datetime), cast( now() as datetime), false),
('limit','13','制限する／制限','1', cast( now() as datetime), cast( now() as datetime), false),
('link','13','リンク／リンクする','1', cast( now() as datetime), cast( now() as datetime), false),
('local','4','ローカルの、局所の','1', cast( now() as datetime), cast( now() as datetime), false),
('location','1','位置、場所','1', cast( now() as datetime), cast( now() as datetime), false),
('lock','13','ロックする／ロック','1', cast( now() as datetime), cast( now() as datetime), false),
('log','13','ログ／ログを取る','1', cast( now() as datetime), cast( now() as datetime), false),
('login','1','ログイン','1', cast( now() as datetime), cast( now() as datetime), false),
('loop','1','ループ','1', cast( now() as datetime), cast( now() as datetime), false),
('manage','3','管理する','1', cast( now() as datetime), cast( now() as datetime), false),
('manager','1','マネージャー','1', cast( now() as datetime), cast( now() as datetime), false),
('media','1','メディア','1', cast( now() as datetime), cast( now() as datetime), false),
('memory','1','メモリー','1', cast( now() as datetime), cast( now() as datetime), false),
('merge','3','マージする、統合する','1', cast( now() as datetime), cast( now() as datetime), false),
('method','1','メソッド、方法','1', cast( now() as datetime), cast( now() as datetime), false),
('missing','4','見つからない、欠落している','1', cast( now() as datetime), cast( now() as datetime), false),
('mode','1','モード','1', cast( now() as datetime), cast( now() as datetime), false),
('module','1','モジュール','1', cast( now() as datetime), cast( now() as datetime), false),
('network','1','ネットワーク','1', cast( now() as datetime), cast( now() as datetime), false),
('node','1','ノード','1', cast( now() as datetime), cast( now() as datetime), false),
('none','2','一つもなし','1', cast( now() as datetime), cast( now() as datetime), false),
('normal','4','標準の','1', cast( now() as datetime), cast( now() as datetime), false),
('note','13','注意／〜に注意する','1', cast( now() as datetime), cast( now() as datetime), false),
('notice','1','通知、注意','1', cast( now() as datetime), cast( now() as datetime), false),
('null','15','空の、nullの／null','1', cast( now() as datetime), cast( now() as datetime), false),
('occur','3','発生する','1', cast( now() as datetime), cast( now() as datetime), false),
('operation','1','操作、処理','1', cast( now() as datetime), cast( now() as datetime), false),
('option','1','オプション','1', cast( now() as datetime), cast( now() as datetime), false),
('optional','4','任意の、オプションの','1', cast( now() as datetime), cast( now() as datetime), false),
('output','13','出力／出力する','1', cast( now() as datetime), cast( now() as datetime), false),
('override','3','オーバーライドする、優先する','1', cast( now() as datetime), cast( now() as datetime), false),
('owner','1','所有者、オーナー','1', cast( now() as datetime), cast( now() as datetime), false),
('package','1','パッケージ','1', cast( now() as datetime), cast( now() as datetime), false),
('pane','1','ペイン、ウィンドウ','1', cast( now() as datetime), cast( now() as datetime), false),
('parameter','1','パラメーター、仮引数','1', cast( now() as datetime), cast( now() as datetime), false),
('pass','3','渡す','1', cast( now() as datetime), cast( now() as datetime), false),
('patch','1','パッチ、修正プログラム','1', cast( now() as datetime), cast( now() as datetime), false),
('path','1','パス','1', cast( now() as datetime), cast( now() as datetime), false),
('perform','3','実行する','1', cast( now() as datetime), cast( now() as datetime), false),
('performance','1','性能、パフォーマンス','1', cast( now() as datetime), cast( now() as datetime), false),
('permission','1','許可、パーミッション','1', cast( now() as datetime), cast( now() as datetime), false),
('physical','4','物理的な','1', cast( now() as datetime), cast( now() as datetime), false),
('pool','1','プール','1', cast( now() as datetime), cast( now() as datetime), false),
('popup','1','ポップアップ','1', cast( now() as datetime), cast( now() as datetime), false),
('port','1','ポート','1', cast( now() as datetime), cast( now() as datetime), false),
('position','1','位置','1', cast( now() as datetime), cast( now() as datetime), false),
('press','3','押す','1', cast( now() as datetime), cast( now() as datetime), false),
('preview','13','プレビュー／プレビューする','1', cast( now() as datetime), cast( now() as datetime), false),
('previous','4','前の','1', cast( now() as datetime), cast( now() as datetime), false),
('print','3','印刷する、出力する','1', cast( now() as datetime), cast( now() as datetime), false),
('process','13','プロセス、処理／処理する','1', cast( now() as datetime), cast( now() as datetime), false),
('profile','1','プロファイル、プロフィール','1', cast( now() as datetime), cast( now() as datetime), false),
('properly','7','適切に、正常に','1', cast( now() as datetime), cast( now() as datetime), false),
('property','1','プロパティー','1', cast( now() as datetime), cast( now() as datetime), false),
('protect','3','保護する','1', cast( now() as datetime), cast( now() as datetime), false),
('provide','3','提供する','1', cast( now() as datetime), cast( now() as datetime), false),
('public','4','公開の','1', cast( now() as datetime), cast( now() as datetime), false),
('publish','3','公開する','1', cast( now() as datetime), cast( now() as datetime), false),
('pull','13','プルする、取得する／プル','1', cast( now() as datetime), cast( now() as datetime), false),
('push','3','押す、プッシュする','1', cast( now() as datetime), cast( now() as datetime), false),
('query','1','クエリー、問い合わせ','1', cast( now() as datetime), cast( now() as datetime), false),
('range','1','範囲','1', cast( now() as datetime), cast( now() as datetime), false),
('real-time','4','リアルタイムの','1', cast( now() as datetime), cast( now() as datetime), false),
('receive','3','受信する','1', cast( now() as datetime), cast( now() as datetime), false),
('recommend','3','推奨する','1', cast( now() as datetime), cast( now() as datetime), false),
('record','13','記録する／記録、レコード','1', cast( now() as datetime), cast( now() as datetime), false),
('refactor','3','リファクタリングする、リファクターする','1', cast( now() as datetime), cast( now() as datetime), false),
('refer','3','参照する','1', cast( now() as datetime), cast( now() as datetime), false),
('reference','13','参照、リファレンス／参照する','1', cast( now() as datetime), cast( now() as datetime), false),
('release','3','リリースする、公開する','1', cast( now() as datetime), cast( now() as datetime), false),
('remove','3','削除する','1', cast( now() as datetime), cast( now() as datetime), false),
('rename','3','名前を変更する','1', cast( now() as datetime), cast( now() as datetime), false),
('replace','3','置換する','1', cast( now() as datetime), cast( now() as datetime), false),
('report','13','報告する／レポート','1', cast( now() as datetime), cast( now() as datetime), false),
('request','13','要求、リクエスト／要求する','1', cast( now() as datetime), cast( now() as datetime), false),
('require','3','必要とする','1', cast( now() as datetime), cast( now() as datetime), false),
('reset','3','リセットする','1', cast( now() as datetime), cast( now() as datetime), false),
('resource','1','リソース、資源','1', cast( now() as datetime), cast( now() as datetime), false),
('respond','3','応答する、返信する','1', cast( now() as datetime), cast( now() as datetime), false),
('response','1','応答','1', cast( now() as datetime), cast( now() as datetime), false),
('restart','3','再起動する','1', cast( now() as datetime), cast( now() as datetime), false),
('result','1','結果','1', cast( now() as datetime), cast( now() as datetime), false),
('right-click','3','右クリックする','1', cast( now() as datetime), cast( now() as datetime), false),
('role','1','役割、ロール','1', cast( now() as datetime), cast( now() as datetime), false),
('root','1','ルート','1', cast( now() as datetime), cast( now() as datetime), false),
('route','1','経路、ルート','1', cast( now() as datetime), cast( now() as datetime), false),
('row','1','行','1', cast( now() as datetime), cast( now() as datetime), false),
('save','3','保存する','1', cast( now() as datetime), cast( now() as datetime), false),
('scan','3','スキャンする、走査する','1', cast( now() as datetime), cast( now() as datetime), false),
('schedule','13','予定、スケジュール／予定する','1', cast( now() as datetime), cast( now() as datetime), false),
('screen','1','画面','1', cast( now() as datetime), cast( now() as datetime), false),
('script','1','スクリプト','1', cast( now() as datetime), cast( now() as datetime), false),
('scroll','3','スクロールする','1', cast( now() as datetime), cast( now() as datetime), false),
('search','13','検索する／検索','1', cast( now() as datetime), cast( now() as datetime), false),
('security','1','セキュリティー','1', cast( now() as datetime), cast( now() as datetime), false),
('select','3','選択する','1', cast( now() as datetime), cast( now() as datetime), false),
('server','1','サーバー','1', cast( now() as datetime), cast( now() as datetime), false),
('setting','1','設定','1', cast( now() as datetime), cast( now() as datetime), false),
('shape','1','形状','1', cast( now() as datetime), cast( now() as datetime), false),
('share','3','共有する','1', cast( now() as datetime), cast( now() as datetime), false),
('shortcut','1','ショートカット','1', cast( now() as datetime), cast( now() as datetime), false),
('sign','13','記号／サインイン(sign in)する、サインアウト（sign out）する','1', cast( now() as datetime), cast( now() as datetime), false),
('skip','3','スキップする、とばす','1', cast( now() as datetime), cast( now() as datetime), false),
('sort','3','並び替える、ソートする','1', cast( now() as datetime), cast( now() as datetime), false),
('source','1','ソース、〜元（送信元など）','1', cast( now() as datetime), cast( now() as datetime), false),
('specific','4','特定の','1', cast( now() as datetime), cast( now() as datetime), false),
('specify','3','指定する','1', cast( now() as datetime), cast( now() as datetime), false),
('state','1','状態','1', cast( now() as datetime), cast( now() as datetime), false),
('status','1','状態、ステータス','1', cast( now() as datetime), cast( now() as datetime), false),
('step','1','ステップ、手順','1', cast( now() as datetime), cast( now() as datetime), false),
('store','3','保存する、格納する','1', cast( now() as datetime), cast( now() as datetime), false),
('string','1','文字列','1', cast( now() as datetime), cast( now() as datetime), false),
('submit','3','提出する、送信する','1', cast( now() as datetime), cast( now() as datetime), false),
('successful','4','成功した','1', cast( now() as datetime), cast( now() as datetime), false),
('supply','3','提供する、供給する','1', cast( now() as datetime), cast( now() as datetime), false),
('support','13','サポートする、支援する／サポート','1', cast( now() as datetime), cast( now() as datetime), false),
('switch','13','切り替える／スイッチ','1', cast( now() as datetime), cast( now() as datetime), false),
('system','1','システム','1', cast( now() as datetime), cast( now() as datetime), false),
('tab','1','タブ','1', cast( now() as datetime), cast( now() as datetime), false),
('table','1','表、テーブル','1', cast( now() as datetime), cast( now() as datetime), false),
('tag','1','タグ','1', cast( now() as datetime), cast( now() as datetime), false),
('target','1','ターゲット、対象、〜先（移動先など）','1', cast( now() as datetime), cast( now() as datetime), false),
('task','1','タスク','1', cast( now() as datetime), cast( now() as datetime), false),
('template','1','テンプレート','1', cast( now() as datetime), cast( now() as datetime), false),
('temporary','4','一時的な','1', cast( now() as datetime), cast( now() as datetime), false),
('throw','3','スローする、投げる','1', cast( now() as datetime), cast( now() as datetime), false),
('timeout','1','タイムアウト','1', cast( now() as datetime), cast( now() as datetime), false),
('touch','13','タッチ／タッチする','1', cast( now() as datetime), cast( now() as datetime), false),
('translate','3','変換する、翻訳する','1', cast( now() as datetime), cast( now() as datetime), false),
('type','13','型、種類／（キーボードで）入力する','1', cast( now() as datetime), cast( now() as datetime), false),
('unable','4','不可能な','1', cast( now() as datetime), cast( now() as datetime), false),
('undo','3','元に戻す','1', cast( now() as datetime), cast( now() as datetime), false),
('uninstall','3','アンインストールする','1', cast( now() as datetime), cast( now() as datetime), false),
('unit','1','単位、ユニット','1', cast( now() as datetime), cast( now() as datetime), false),
('unused','4','未使用の','1', cast( now() as datetime), cast( now() as datetime), false),
('update','13','更新する／更新','1', cast( now() as datetime), cast( now() as datetime), false),
('upgrade','3','アップグレードする','1', cast( now() as datetime), cast( now() as datetime), false),
('upload','13','アップロードする／アップロード','1', cast( now() as datetime), cast( now() as datetime), false),
('value','1','値','1', cast( now() as datetime), cast( now() as datetime), false),
('variable','1','変数','1', cast( now() as datetime), cast( now() as datetime), false),
('version','1','バージョン、版','1', cast( now() as datetime), cast( now() as datetime), false),
('view','13','表示する／表示、ビュー','1', cast( now() as datetime), cast( now() as datetime), false),
('warn','3','警告する','1', cast( now() as datetime), cast( now() as datetime), false),
('warning','1','警告','1', cast( now() as datetime), cast( now() as datetime), false),
('widget','1','ウィジェット','1', cast( now() as datetime), cast( now() as datetime), false),
('width','1','幅','1', cast( now() as datetime), cast( now() as datetime), false),
('wizard','1','ウィザード','1', cast( now() as datetime), cast( now() as datetime), false);

INSERT INTO `words` (`word`, `parts_of_speech_id`, `description`,  `word_type_id`  ,`created_at`, `updated_at`, `is_deleted`) VALUES
('abstract','4','抽象的な、抽象の','2', cast( now() as datetime), cast( now() as datetime), false),
('accessibility','1','アクセシビリティー','2', cast( now() as datetime), cast( now() as datetime), false),
('accessible','4','アクセス可能な、利用可能な','2', cast( now() as datetime), cast( now() as datetime), false),
('activate','3','有効にする、アクティブにする','2', cast( now() as datetime), cast( now() as datetime), false),
('active','4','有効な、アクティブな','2', cast( now() as datetime), cast( now() as datetime), false),
('additional','4','追加の','2', cast( now() as datetime), cast( now() as datetime), false),
('adjust','3','調整する','2', cast( now() as datetime), cast( now() as datetime), false),
('administrator','1','管理者','2', cast( now() as datetime), cast( now() as datetime), false),
('aggregate','3','集約する','2', cast( now() as datetime), cast( now() as datetime), false),
('alias','1','エイリアス、別名','2', cast( now() as datetime), cast( now() as datetime), false),
('allocation','1','割り当て','2', cast( now() as datetime), cast( now() as datetime), false),
('annotation','1','アノテーション、注釈','2', cast( now() as datetime), cast( now() as datetime), false),
('anonymous','4','無名の、匿名の','2', cast( now() as datetime), cast( now() as datetime), false),
('append','3','追加する','2', cast( now() as datetime), cast( now() as datetime), false),
('applicable','4','該当する、適用可能な','2', cast( now() as datetime), cast( now() as datetime), false),
('archive','13','アーカイブ／アーカイブする','2', cast( now() as datetime), cast( now() as datetime), false),
('assert','3','アサートする、表明する','2', cast( now() as datetime), cast( now() as datetime), false),
('asset','1','アセット、資産','2', cast( now() as datetime), cast( now() as datetime), false),
('assign','3','割り当てる、（変数に）代入する','2', cast( now() as datetime), cast( now() as datetime), false),
('assignment','1','割り当て、（変数への）代入','2', cast( now() as datetime), cast( now() as datetime), false),
('associate','3','関連づける','2', cast( now() as datetime), cast( now() as datetime), false),
('attach','3','接続する、添付する','2', cast( now() as datetime), cast( now() as datetime), false),
('authentication','1','認証','2', cast( now() as datetime), cast( now() as datetime), false),
('authorize','3','権限を与える','2', cast( now() as datetime), cast( now() as datetime), false),
('automatic','4','自動の','2', cast( now() as datetime), cast( now() as datetime), false),
('automatically','7','自動で、自動的に','2', cast( now() as datetime), cast( now() as datetime), false),
('availability','1','可用性','2', cast( now() as datetime), cast( now() as datetime), false),
('batch','1','バッチ','2', cast( now() as datetime), cast( now() as datetime), false),
('binary','4','バイナリーの、二進法の','2', cast( now() as datetime), cast( now() as datetime), false),
('bind','3','バインドする','2', cast( now() as datetime), cast( now() as datetime), false),
('boot','13','起動する／起動','2', cast( now() as datetime), cast( now() as datetime), false),
('brace','1','波かっこ','2', cast( now() as datetime), cast( now() as datetime), false),
('bracket','1','角かっこ','2', cast( now() as datetime), cast( now() as datetime), false),
('breakpoint','1','ブレークポイント','2', cast( now() as datetime), cast( now() as datetime), false),
('browse','3','閲覧する、参照する','2', cast( now() as datetime), cast( now() as datetime), false),
('buffer','13','バッファー／バッファー処理する','2', cast( now() as datetime), cast( now() as datetime), false),
('bump','3','バージョンを上げる','2', cast( now() as datetime), cast( now() as datetime), false),
('bundle','13','バンドル／バンドルする','2', cast( now() as datetime), cast( now() as datetime), false),
('calculate','3','計算する','2', cast( now() as datetime), cast( now() as datetime), false),
('callback','1','コールバック','2', cast( now() as datetime), cast( now() as datetime), false),
('capability','1','機能','2', cast( now() as datetime), cast( now() as datetime), false),
('capture','3','取り込む、キャプチャーする','2', cast( now() as datetime), cast( now() as datetime), false),
('caret','1','文字入力カーソル、カレット','2', cast( now() as datetime), cast( now() as datetime), false),
('cast','3','キャストする','2', cast( now() as datetime), cast( now() as datetime), false),
('certificate','1','証明書','2', cast( now() as datetime), cast( now() as datetime), false),
('checkout','1','チェックアウト','2', cast( now() as datetime), cast( now() as datetime), false),
('clarify','3','明確にする','2', cast( now() as datetime), cast( now() as datetime), false),
('cleanup','1','クリーンアップ、整理','2', cast( now() as datetime), cast( now() as datetime), false),
('clone','3','複製する、クローンする','2', cast( now() as datetime), cast( now() as datetime), false),
('collapse','3','折りたたむ、非表示にする','2', cast( now() as datetime), cast( now() as datetime), false),
('compatibility','1','互換性','2', cast( now() as datetime), cast( now() as datetime), false),
('compile','3','コンパイルする','2', cast( now() as datetime), cast( now() as datetime), false),
('completion','1','補完、完了','2', cast( now() as datetime), cast( now() as datetime), false),
('compress','3','圧縮する','2', cast( now() as datetime), cast( now() as datetime), false),
('compute','3','計算する','2', cast( now() as datetime), cast( now() as datetime), false),
('conditional','4','条件つきの','2', cast( now() as datetime), cast( now() as datetime), false),
('configure','3','構成する、設定する','2', cast( now() as datetime), cast( now() as datetime), false),
('confirm','3','確定する、確認する','2', cast( now() as datetime), cast( now() as datetime), false),
('conflict','13','競合する／競合','2', cast( now() as datetime), cast( now() as datetime), false),
('constraint','1','制約','2', cast( now() as datetime), cast( now() as datetime), false),
('construct','3','（コンストラクターで）生成する','2', cast( now() as datetime), cast( now() as datetime), false),
('contact','13','連絡する／連絡先','2', cast( now() as datetime), cast( now() as datetime), false),
('contribute','3','貢献する','2', cast( now() as datetime), cast( now() as datetime), false),
('convert','3','変換する','2', cast( now() as datetime), cast( now() as datetime), false),
('coordinate','1','座標','2', cast( now() as datetime), cast( now() as datetime), false),
('copyright','1','著作権','2', cast( now() as datetime), cast( now() as datetime), false),
('crash','13','クラッシュする、突然停止する／クラッシュ','2', cast( now() as datetime), cast( now() as datetime), false),
('credential','1','資格情報、認証情報','2', cast( now() as datetime), cast( now() as datetime), false),
('debugger','1','デバッガー','2', cast( now() as datetime), cast( now() as datetime), false),
('decimal','4','小数の、十進法の','2', cast( now() as datetime), cast( now() as datetime), false),
('declaration','1','宣言','2', cast( now() as datetime), cast( now() as datetime), false),
('declare','3','宣言する','2', cast( now() as datetime), cast( now() as datetime), false),
('decode','3','デコードする','2', cast( now() as datetime), cast( now() as datetime), false),
('dedicated','4','専用の','2', cast( now() as datetime), cast( now() as datetime), false),
('delay','1','遅延','2', cast( now() as datetime), cast( now() as datetime), false),
('dependency','1','依存関係','2', cast( now() as datetime), cast( now() as datetime), false),
('deploy','3','配備する、デプロイする','2', cast( now() as datetime), cast( now() as datetime), false),
('deployment','1','配備、デプロイ','2', cast( now() as datetime), cast( now() as datetime), false),
('deprecated','4','非推奨の','2', cast( now() as datetime), cast( now() as datetime), false),
('deprecation','1','非推奨','2', cast( now() as datetime), cast( now() as datetime), false),
('descriptor','1','記述子','2', cast( now() as datetime), cast( now() as datetime), false),
('destination','1','目的地、〜先（移動先など）','2', cast( now() as datetime), cast( now() as datetime), false),
('detect','3','検出する','2', cast( now() as datetime), cast( now() as datetime), false),
('digit','1','数字、桁','2', cast( now() as datetime), cast( now() as datetime), false),
('disable','3','無効にする','2', cast( now() as datetime), cast( now() as datetime), false),
('display','13','表示する／表示、画面','2', cast( now() as datetime), cast( now() as datetime), false),
('distribute','3','分散する、配布する','2', cast( now() as datetime), cast( now() as datetime), false),
('dump','3','ダンプする','2', cast( now() as datetime), cast( now() as datetime), false),
('duplicate','14','重複する／複製する','2', cast( now() as datetime), cast( now() as datetime), false),
('duration','1','期間','2', cast( now() as datetime), cast( now() as datetime), false),
('dynamic','4','動的な','2', cast( now() as datetime), cast( now() as datetime), false),
('dynamically','7','動的に','2', cast( now() as datetime), cast( now() as datetime), false),
('emit','3','発する、生成する','2', cast( now() as datetime), cast( now() as datetime), false),
('enable','3','可能にする、有効にする','2', cast( now() as datetime), cast( now() as datetime), false),
('encode','3','エンコードする、符号化する','2', cast( now() as datetime), cast( now() as datetime), false),
('encoding','1','エンコーディング、符号化','2', cast( now() as datetime), cast( now() as datetime), false),
('encounter','3','遭遇する','2', cast( now() as datetime), cast( now() as datetime), false),
('encryption','1','暗号化','2', cast( now() as datetime), cast( now() as datetime), false),
('endpoint','1','エンドポイント、端点','2', cast( now() as datetime), cast( now() as datetime), false),
('ensure','3','確実にする、確かめる','2', cast( now() as datetime), cast( now() as datetime), false),
('entity','1','エンティティー、実体','2', cast( now() as datetime), cast( now() as datetime), false),
('enumeration','1','列挙','2', cast( now() as datetime), cast( now() as datetime), false),
('escape','3','エスケープする','2', cast( now() as datetime), cast( now() as datetime), false),
('exclude','3','除外する','2', cast( now() as datetime), cast( now() as datetime), false),
('executable','15','実行可能な／実行可能ファイル','2', cast( now() as datetime), cast( now() as datetime), false),
('execute','3','実行する','2', cast( now() as datetime), cast( now() as datetime), false),
('execution','1','実行','2', cast( now() as datetime), cast( now() as datetime), false),
('existing','4','既存の','2', cast( now() as datetime), cast( now() as datetime), false),
('extend','3','拡張する','2', cast( now() as datetime), cast( now() as datetime), false),
('extension','1','拡張、拡張子','2', cast( now() as datetime), cast( now() as datetime), false),
('external','4','外部の','2', cast( now() as datetime), cast( now() as datetime), false),
('extract','3','抽出する','2', cast( now() as datetime), cast( now() as datetime), false),
('failure','1','失敗、故障','2', cast( now() as datetime), cast( now() as datetime), false),
('fallback','13','フォールバック／フォールバックする','2', cast( now() as datetime), cast( now() as datetime), false),
('fetch','3','取得する、フェッチする','2', cast( now() as datetime), cast( now() as datetime), false),
('fire','3','始動する、発火する','2', cast( now() as datetime), cast( now() as datetime), false),
('framework','1','フレームワーク','2', cast( now() as datetime), cast( now() as datetime), false),
('functionality','1','機能','2', cast( now() as datetime), cast( now() as datetime), false),
('generation','1','生成、世代','2', cast( now() as datetime), cast( now() as datetime), false),
('generic','4','汎用の、総称の、ジェネリックの','2', cast( now() as datetime), cast( now() as datetime), false),
('hack','13','ハッキング、一時回避策／ハックする、（その場しのぎで）作る','2', cast( now() as datetime), cast( now() as datetime), false),
('handle','13','処理する／ハンドル','2', cast( now() as datetime), cast( now() as datetime), false),
('handler','1','ハンドラー','2', cast( now() as datetime), cast( now() as datetime), false),
('handling','1','処理','2', cast( now() as datetime), cast( now() as datetime), false),
('hash','1','ハッシュ、ハッシュ記号','2', cast( now() as datetime), cast( now() as datetime), false),
('header','1','ヘッダー','2', cast( now() as datetime), cast( now() as datetime), false),
('hierarchy','1','階層','2', cast( now() as datetime), cast( now() as datetime), false),
('identifier','1','識別子','2', cast( now() as datetime), cast( now() as datetime), false),
('implement','3','実装する','2', cast( now() as datetime), cast( now() as datetime), false),
('implementation','1','実装','2', cast( now() as datetime), cast( now() as datetime), false),
('incompatible','4','互換性がない','2', cast( now() as datetime), cast( now() as datetime), false),
('increment','13','増分、インクリメント／増分させる','2', cast( now() as datetime), cast( now() as datetime), false),
('indentation','1','インデント','2', cast( now() as datetime), cast( now() as datetime), false),
('initial','4','初期の、最初の','2', cast( now() as datetime), cast( now() as datetime), false),
('initialization','1','初期化','2', cast( now() as datetime), cast( now() as datetime), false),
('initialize','3','初期化する','2', cast( now() as datetime), cast( now() as datetime), false),
('inline','14','インラインの／インライン化する','2', cast( now() as datetime), cast( now() as datetime), false),
('inner','4','内部の、内側の','2', cast( now() as datetime), cast( now() as datetime), false),
('insert','3','挿入する','2', cast( now() as datetime), cast( now() as datetime), false),
('inspect','3','検査する','2', cast( now() as datetime), cast( now() as datetime), false),
('inspection','1','検査','2', cast( now() as datetime), cast( now() as datetime), false),
('installation','1','インストール','2', cast( now() as datetime), cast( now() as datetime), false),
('interact','3','対話する','2', cast( now() as datetime), cast( now() as datetime), false),
('internal','4','内部の','2', cast( now() as datetime), cast( now() as datetime), false),
('interval','1','間隔','2', cast( now() as datetime), cast( now() as datetime), false),
('invalid','4','無効な','2', cast( now() as datetime), cast( now() as datetime), false),
('invoke','3','呼び出す','2', cast( now() as datetime), cast( now() as datetime), false),
('iterate','3','（処理を）反復する、繰り返す','2', cast( now() as datetime), cast( now() as datetime), false),
('latency','1','待ち時間','2', cast( now() as datetime), cast( now() as datetime), false),
('launch','3','起動する、開始する','2', cast( now() as datetime), cast( now() as datetime), false),
('listener','1','リスナー','2', cast( now() as datetime), cast( now() as datetime), false),
('load','3','読み込む','2', cast( now() as datetime), cast( now() as datetime), false),
('locale','1','ロケール','2', cast( now() as datetime), cast( now() as datetime), false),
('logic','1','ロジック、論理','2', cast( now() as datetime), cast( now() as datetime), false),
('lookup','1','検索、探索、ルックアップ','2', cast( now() as datetime), cast( now() as datetime), false),
('manual','15','手動の／マニュアル','2', cast( now() as datetime), cast( now() as datetime), false),
('manually','7','手動で','2', cast( now() as datetime), cast( now() as datetime), false),
('map','13','地図／対応づける、マッピングする','2', cast( now() as datetime), cast( now() as datetime), false),
('master','1','マスター','2', cast( now() as datetime), cast( now() as datetime), false),
('matching','4','一致する、マッチする','2', cast( now() as datetime), cast( now() as datetime), false),
('maximum','4','最大の','2', cast( now() as datetime), cast( now() as datetime), false),
('metadata','1','メタデータ','2', cast( now() as datetime), cast( now() as datetime), false),
('migration','1','移行','2', cast( now() as datetime), cast( now() as datetime), false),
('millisecond','1','ミリ秒','2', cast( now() as datetime), cast( now() as datetime), false),
('minimum','4','最小の','2', cast( now() as datetime), cast( now() as datetime), false),
('minor','4','マイナーな、小さな','2', cast( now() as datetime), cast( now() as datetime), false),
('mock','4','モックの、模造の','2', cast( now() as datetime), cast( now() as datetime), false),
('modification','1','修正、変更','2', cast( now() as datetime), cast( now() as datetime), false),
('modifier','1','修飾子','2', cast( now() as datetime), cast( now() as datetime), false),
('modify','3','修正する、変更する','2', cast( now() as datetime), cast( now() as datetime), false),
('monitor','3','監視する','2', cast( now() as datetime), cast( now() as datetime), false),
('multiple','4','複数の','2', cast( now() as datetime), cast( now() as datetime), false),
('namespace','1','名前空間','2', cast( now() as datetime), cast( now() as datetime), false),
('native','4','ネイティブの','2', cast( now() as datetime), cast( now() as datetime), false),
('navigate','3','移動する','2', cast( now() as datetime), cast( now() as datetime), false),
('navigation','1','ナビゲーション、移動','2', cast( now() as datetime), cast( now() as datetime), false),
('nested','4','入れ子の、ネストされた','2', cast( now() as datetime), cast( now() as datetime), false),
('normalize','3','標準化する、正規化する','2', cast( now() as datetime), cast( now() as datetime), false),
('notification','1','通知','2', cast( now() as datetime), cast( now() as datetime), false),
('notify','3','通知する','2', cast( now() as datetime), cast( now() as datetime), false),
('numeric','4','数値の','2', cast( now() as datetime), cast( now() as datetime), false),
('obtain','3','取得する','2', cast( now() as datetime), cast( now() as datetime), false),
('occurrence','1','出現、発生','2', cast( now() as datetime), cast( now() as datetime), false),
('offset','1','オフセット','2', cast( now() as datetime), cast( now() as datetime), false),
('optimize','3','最適化する','2', cast( now() as datetime), cast( now() as datetime), false),
('otherwise','7','そうでなければ、さもないと','2', cast( now() as datetime), cast( now() as datetime), false),
('overview','1','概要','2', cast( now() as datetime), cast( now() as datetime), false),
('overwrite','3','上書きする','2', cast( now() as datetime), cast( now() as datetime), false),
('padding','1','パディング','2', cast( now() as datetime), cast( now() as datetime), false),
('parenthesis','1','丸かっこ','2', cast( now() as datetime), cast( now() as datetime), false),
('parse','3','パースする、解析する','2', cast( now() as datetime), cast( now() as datetime), false),
('payload','1','ペイロード','2', cast( now() as datetime), cast( now() as datetime), false),
('permit','3','許可する','2', cast( now() as datetime), cast( now() as datetime), false),
('persistence','1','永続化','2', cast( now() as datetime), cast( now() as datetime), false),
('placeholder','1','プレースホルダー','2', cast( now() as datetime), cast( now() as datetime), false),
('plugin','1','プラグイン','2', cast( now() as datetime), cast( now() as datetime), false),
('populate','3','自動入力する','2', cast( now() as datetime), cast( now() as datetime), false),
('preference','1','プリファレンス、ユーザー設定','2', cast( now() as datetime), cast( now() as datetime), false),
('preferred','4','優先の','2', cast( now() as datetime), cast( now() as datetime), false),
('prefix','1','接頭辞、プレフィックス','2', cast( now() as datetime), cast( now() as datetime), false),
('priority','1','優先順位、優先度','2', cast( now() as datetime), cast( now() as datetime), false),
('private','4','プライベートな、非公開の','2', cast( now() as datetime), cast( now() as datetime), false),
('progress','1','進行状況','2', cast( now() as datetime), cast( now() as datetime), false),
('protocol','1','プロトコル','2', cast( now() as datetime), cast( now() as datetime), false),
('prototype','1','プロトタイプ','2', cast( now() as datetime), cast( now() as datetime), false),
('provider','1','プロバイダー','2', cast( now() as datetime), cast( now() as datetime), false),
('provision','13','プロビジョニング／供給する','2', cast( now() as datetime), cast( now() as datetime), false),
('proxy','1','プロキシ','2', cast( now() as datetime), cast( now() as datetime), false),
('queue','1','キュー、待ち行列','2', cast( now() as datetime), cast( now() as datetime), false),
('raw','4','生の','2', cast( now() as datetime), cast( now() as datetime), false),
('redirect','3','リダイレクトする、転送する','2', cast( now() as datetime), cast( now() as datetime), false),
('redundant','4','冗長な','2', cast( now() as datetime), cast( now() as datetime), false),
('refresh','3','更新する','2', cast( now() as datetime), cast( now() as datetime), false),
('register','3','登録する','2', cast( now() as datetime), cast( now() as datetime), false),
('registration','1','登録','2', cast( now() as datetime), cast( now() as datetime), false),
('registry','1','レジストリー','2', cast( now() as datetime), cast( now() as datetime), false),
('reload','3','再読み込みする、リロードする','2', cast( now() as datetime), cast( now() as datetime), false),
('remote','4','遠隔の、リモートの','2', cast( now() as datetime), cast( now() as datetime), false),
('removal','1','削除、除去','2', cast( now() as datetime), cast( now() as datetime), false),
('render','3','描画する、レンダリングする','2', cast( now() as datetime), cast( now() as datetime), false),
('repository','1','リポジトリー','2', cast( now() as datetime), cast( now() as datetime), false),
('represent','3','表す','2', cast( now() as datetime), cast( now() as datetime), false),
('representation','1','表現','2', cast( now() as datetime), cast( now() as datetime), false),
('reserve','3','予約する、確保する','2', cast( now() as datetime), cast( now() as datetime), false),
('resize','3','サイズ変更する','2', cast( now() as datetime), cast( now() as datetime), false),
('resolution','1','解像度、精度、解決','2', cast( now() as datetime), cast( now() as datetime), false),
('resolve','3','解決する','2', cast( now() as datetime), cast( now() as datetime), false),
('restore','3','復元する','2', cast( now() as datetime), cast( now() as datetime), false),
('restriction','1','制限','2', cast( now() as datetime), cast( now() as datetime), false),
('retrieve','3','取得する','2', cast( now() as datetime), cast( now() as datetime), false),
('revert','3','（以前の状態に）戻る、戻す','2', cast( now() as datetime), cast( now() as datetime), false),
('revision','1','改訂、リビジョン','2', cast( now() as datetime), cast( now() as datetime), false),
('runtime','1','実行時、ランタイム','2', cast( now() as datetime), cast( now() as datetime), false),
('sanitize','3','サニタイズする','2', cast( now() as datetime), cast( now() as datetime), false),
('scale','3','（大きさを）変える','2', cast( now() as datetime), cast( now() as datetime), false),
('schema','1','スキーマ','2', cast( now() as datetime), cast( now() as datetime), false),
('scope','1','スコープ、範囲','2', cast( now() as datetime), cast( now() as datetime), false),
('secure','4','セキュアな、安全な','2', cast( now() as datetime), cast( now() as datetime), false),
('separator','1','セパレーター、区切り','2', cast( now() as datetime), cast( now() as datetime), false),
('sequence','1','シーケンス','2', cast( now() as datetime), cast( now() as datetime), false),
('serialize','3','シリアル化する','2', cast( now() as datetime), cast( now() as datetime), false),
('session','1','セッション','2', cast( now() as datetime), cast( now() as datetime), false),
('setup','1','設定、構成、セットアップ','2', cast( now() as datetime), cast( now() as datetime), false),
('shutdown','1','シャットダウン','2', cast( now() as datetime), cast( now() as datetime), false),
('signature','1','署名、シグネチャー','2', cast( now() as datetime), cast( now() as datetime), false),
('simplify','3','簡素化する','2', cast( now() as datetime), cast( now() as datetime), false),
('snapshot','1','スナップショット','2', cast( now() as datetime), cast( now() as datetime), false),
('socket','1','ソケット','2', cast( now() as datetime), cast( now() as datetime), false),
('specification','1','仕様','2', cast( now() as datetime), cast( now() as datetime), false),
('split','3','分割する','2', cast( now() as datetime), cast( now() as datetime), false),
('stack','1','スタック','2', cast( now() as datetime), cast( now() as datetime), false),
('standalone','4','スタンドアロンの','2', cast( now() as datetime), cast( now() as datetime), false),
('startup','1','起動、スタートアップ','2', cast( now() as datetime), cast( now() as datetime), false),
('static','4','静的な','2', cast( now() as datetime), cast( now() as datetime), false),
('storage','1','ストレージ','2', cast( now() as datetime), cast( now() as datetime), false),
('stream','1','ストリーム','2', cast( now() as datetime), cast( now() as datetime), false),
('successfully','7','正常に','2', cast( now() as datetime), cast( now() as datetime), false),
('suffix','1','接尾辞、サフィックス','2', cast( now() as datetime), cast( now() as datetime), false),
('suppress','3','表示しない','2', cast( now() as datetime), cast( now() as datetime), false),
('synchronize','3','同期する','2', cast( now() as datetime), cast( now() as datetime), false),
('syntax','1','構文、シンタックス','2', cast( now() as datetime), cast( now() as datetime), false),
('terminate','3','終了する','2', cast( now() as datetime), cast( now() as datetime), false),
('termination','1','終了','2', cast( now() as datetime), cast( now() as datetime), false),
('terms','1','利用条件','2', cast( now() as datetime), cast( now() as datetime), false),
('third party','1','サード・パーティー、第三者','2', cast( now() as datetime), cast( now() as datetime), false),
('thread','1','スレッド','2', cast( now() as datetime), cast( now() as datetime), false),
('timestamp','1','タイムスタンプ','2', cast( now() as datetime), cast( now() as datetime), false),
('todo','1','TODO、するべきこと','2', cast( now() as datetime), cast( now() as datetime), false),
('toggle','3','切り替える','2', cast( now() as datetime), cast( now() as datetime), false),
('token','1','トークン','2', cast( now() as datetime), cast( now() as datetime), false),
('transaction','1','トランザクション','2', cast( now() as datetime), cast( now() as datetime), false),
('transfer','3','転送する','2', cast( now() as datetime), cast( now() as datetime), false),
('transform','3','変換する、変形する','2', cast( now() as datetime), cast( now() as datetime), false),
('transition','1','遷移','2', cast( now() as datetime), cast( now() as datetime), false),
('trigger','3','トリガーする','2', cast( now() as datetime), cast( now() as datetime), false),
('tweak','3','微調整する','2', cast( now() as datetime), cast( now() as datetime), false),
('typo','1','入力ミス、タイポ','2', cast( now() as datetime), cast( now() as datetime), false),
('unauthorized','4','権限のない','2', cast( now() as datetime), cast( now() as datetime), false),
('unavailable','4','利用できない','2', cast( now() as datetime), cast( now() as datetime), false),
('undefined','4','未定義の','2', cast( now() as datetime), cast( now() as datetime), false),
('unexpected','4','予期しない','2', cast( now() as datetime), cast( now() as datetime), false),
('unique','4','一意の、固有の','2', cast( now() as datetime), cast( now() as datetime), false),
('unknown','4','不明の','2', cast( now() as datetime), cast( now() as datetime), false),
('unnecessary','4','不要な','2', cast( now() as datetime), cast( now() as datetime), false),
('unresolved','4','未解決の','2', cast( now() as datetime), cast( now() as datetime), false),
('unsupported','4','非対応の、サポートされない','2', cast( now() as datetime), cast( now() as datetime), false),
('usage','1','利用、使用','2', cast( now() as datetime), cast( now() as datetime), false),
('username','1','ユーザー名','2', cast( now() as datetime), cast( now() as datetime), false),
('valid','4','有効な','2', cast( now() as datetime), cast( now() as datetime), false),
('validate','3','（妥当性を）確認する、検証する','2', cast( now() as datetime), cast( now() as datetime), false),
('validation','1','検証','2', cast( now() as datetime), cast( now() as datetime), false),
('verbose','4','詳細な','2', cast( now() as datetime), cast( now() as datetime), false),
('verify','3','（正しいことを）確認する、検証する','2', cast( now() as datetime), cast( now() as datetime), false),
('virtual','4','仮想の','2', cast( now() as datetime), cast( now() as datetime), false),
('visibility','1','可視性、可視範囲','2', cast( now() as datetime), cast( now() as datetime), false),
('visible','4','可視の、表示できる','2', cast( now() as datetime), cast( now() as datetime), false),
('whitespace','1','空白、スペース','2', cast( now() as datetime), cast( now() as datetime), false),
('wrap','3','ラップする、（テキストを）折り返す','2', cast( now() as datetime), cast( now() as datetime), false),
('wrapper','1','ラッパー','2', cast( now() as datetime), cast( now() as datetime), false),
('zip','3','（ファイルを）圧縮する','2', cast( now() as datetime), cast( now() as datetime), false);

INSERT INTO `words` (`word`, `parts_of_speech_id`, `description`,  `word_type_id`  ,`created_at`, `updated_at`, `is_deleted`) VALUES
('action','1','アクション、操作','3', cast( now() as datetime), cast( now() as datetime), false),
('activity','1','アクティビティー、活動','3', cast( now() as datetime), cast( now() as datetime), false),
('add','3','追加する','3', cast( now() as datetime), cast( now() as datetime), false),
('address','1','アドレス、住所','3', cast( now() as datetime), cast( now() as datetime), false),
('agree','3','同意する','3', cast( now() as datetime), cast( now() as datetime), false),
('area','1','領域、エリア','3', cast( now() as datetime), cast( now() as datetime), false),
('below','7','下記に','3', cast( now() as datetime), cast( now() as datetime), false),
('body','1','本体、本文','3', cast( now() as datetime), cast( now() as datetime), false),
('break','3','中断する','3', cast( now() as datetime), cast( now() as datetime), false),
('build','13','構築する／ビルド','3', cast( now() as datetime), cast( now() as datetime), false),
('button','1','ボタン','3', cast( now() as datetime), cast( now() as datetime), false),
('call','3','呼び出す','3', cast( now() as datetime), cast( now() as datetime), false),
('change','3','変更する','3', cast( now() as datetime), cast( now() as datetime), false),
('check','3','確認する、チェックする','3', cast( now() as datetime), cast( now() as datetime), false),
('child','1','子','3', cast( now() as datetime), cast( now() as datetime), false),
('choose','3','選択する','3', cast( now() as datetime), cast( now() as datetime), false),
('class','1','クラス','3', cast( now() as datetime), cast( now() as datetime), false),
('clean','14','きれいな／きれいにする','3', cast( now() as datetime), cast( now() as datetime), false),
('close','3','閉じる','3', cast( now() as datetime), cast( now() as datetime), false),
('compare','3','比較する','3', cast( now() as datetime), cast( now() as datetime), false),
('complete','14','完了する／完全な','3', cast( now() as datetime), cast( now() as datetime), false),
('copy','13','コピーする／コピー','3', cast( now() as datetime), cast( now() as datetime), false),
('correct','14','正確な／訂正する','3', cast( now() as datetime), cast( now() as datetime), false),
('create','3','作成する','3', cast( now() as datetime), cast( now() as datetime), false),
('describe','3','説明する','3', cast( now() as datetime), cast( now() as datetime), false),
('description','1','説明','3', cast( now() as datetime), cast( now() as datetime), false),
('detail','1','詳細','3', cast( now() as datetime), cast( now() as datetime), false),
('email','13','メール／メールを送る','3', cast( now() as datetime), cast( now() as datetime), false),
('event','1','イベント、出来事','3', cast( now() as datetime), cast( now() as datetime), false),
('example','1','例','3', cast( now() as datetime), cast( now() as datetime), false),
('extra','4','余分な、追加の','3', cast( now() as datetime), cast( now() as datetime), false),
('FALSE','4','誤りの、偽の','3', cast( now() as datetime), cast( now() as datetime), false),
('final','4','最終の','3', cast( now() as datetime), cast( now() as datetime), false),
('find','3','検索する','3', cast( now() as datetime), cast( now() as datetime), false),
('finish','3','終了する、完了する','3', cast( now() as datetime), cast( now() as datetime), false),
('follow','3','従う、フォローする','3', cast( now() as datetime), cast( now() as datetime), false),
('form','1','フォーム','3', cast( now() as datetime), cast( now() as datetime), false),
('free','4','空きの、無料の','3', cast( now() as datetime), cast( now() as datetime), false),
('get','3','獲得する、取得する','3', cast( now() as datetime), cast( now() as datetime), false),
('group','1','グループ','3', cast( now() as datetime), cast( now() as datetime), false),
('health','1','ヘルス、正常性','3', cast( now() as datetime), cast( now() as datetime), false),
('improve','3','改良する、改善する','3', cast( now() as datetime), cast( now() as datetime), false),
('include','3','含む、インクルードする','3', cast( now() as datetime), cast( now() as datetime), false),
('information','1','情報','3', cast( now() as datetime), cast( now() as datetime), false),
('introduce','3','導入する、紹介する','3', cast( now() as datetime), cast( now() as datetime), false),
('join','3','結合する','3', cast( now() as datetime), cast( now() as datetime), false),
('key','1','キー','3', cast( now() as datetime), cast( now() as datetime), false),
('language','1','言語','3', cast( now() as datetime), cast( now() as datetime), false),
('later','7','後で','3', cast( now() as datetime), cast( now() as datetime), false),
('line','1','行、線','3', cast( now() as datetime), cast( now() as datetime), false),
('list','13','リスト／一覧表示する','3', cast( now() as datetime), cast( now() as datetime), false),
('make','3','作成する','3', cast( now() as datetime), cast( now() as datetime), false),
('match','3','一致する','3', cast( now() as datetime), cast( now() as datetime), false),
('menu','1','メニュー','3', cast( now() as datetime), cast( now() as datetime), false),
('message','1','メッセージ','3', cast( now() as datetime), cast( now() as datetime), false),
('model','1','モデル、型','3', cast( now() as datetime), cast( now() as datetime), false),
('move','3','移動する','3', cast( now() as datetime), cast( now() as datetime), false),
('name','1','名前','3', cast( now() as datetime), cast( now() as datetime), false),
('next','4','次の','3', cast( now() as datetime), cast( now() as datetime), false),
('number','1','数','3', cast( now() as datetime), cast( now() as datetime), false),
('object','1','オブジェクト、物体、対象','3', cast( now() as datetime), cast( now() as datetime), false),
('open','14','開く／開いた','3', cast( now() as datetime), cast( now() as datetime), false),
('parent','1','親','3', cast( now() as datetime), cast( now() as datetime), false),
('password','1','パスワード','3', cast( now() as datetime), cast( now() as datetime), false),
('play','3','再生する','3', cast( now() as datetime), cast( now() as datetime), false),
('post','13','書き込む／投稿','3', cast( now() as datetime), cast( now() as datetime), false),
('prepare','3','準備する','3', cast( now() as datetime), cast( now() as datetime), false),
('problem','1','問題','3', cast( now() as datetime), cast( now() as datetime), false),
('product','1','製品、プロダクト','3', cast( now() as datetime), cast( now() as datetime), false),
('read','3','読み取る','3', cast( now() as datetime), cast( now() as datetime), false),
('return','3','戻す、返す','3', cast( now() as datetime), cast( now() as datetime), false),
('rule','1','ルール、規則','3', cast( now() as datetime), cast( now() as datetime), false),
('run','3','実行する','3', cast( now() as datetime), cast( now() as datetime), false),
('section','1','セクション、部分','3', cast( now() as datetime), cast( now() as datetime), false),
('see','3','見る、参照する','3', cast( now() as datetime), cast( now() as datetime), false),
('send','3','送信する','3', cast( now() as datetime), cast( now() as datetime), false),
('service','1','サービス','3', cast( now() as datetime), cast( now() as datetime), false),
('set','3','設定する','3', cast( now() as datetime), cast( now() as datetime), false),
('show','3','表示する','3', cast( now() as datetime), cast( now() as datetime), false),
('size','1','大きさ','3', cast( now() as datetime), cast( now() as datetime), false),
('software','1','ソフトウェア','3', cast( now() as datetime), cast( now() as datetime), false),
('space','1','スペース、空白','3', cast( now() as datetime), cast( now() as datetime), false),
('start','3','開始する','3', cast( now() as datetime), cast( now() as datetime), false),
('statement','1','ステートメント、文','3', cast( now() as datetime), cast( now() as datetime), false),
('stop','3','停止する','3', cast( now() as datetime), cast( now() as datetime), false),
('style','1','スタイル','3', cast( now() as datetime), cast( now() as datetime), false),
('test','13','テスト／テストする','3', cast( now() as datetime), cast( now() as datetime), false),
('traffic','1','トラフィック、通信（量）','3', cast( now() as datetime), cast( now() as datetime), false),
('tree','1','木、ツリー','3', cast( now() as datetime), cast( now() as datetime), false),
('TRUE','4','正しい、真の','3', cast( now() as datetime), cast( now() as datetime), false),
('use','13','使う／使用','3', cast( now() as datetime), cast( now() as datetime), false),
('useful','4','便利な','3', cast( now() as datetime), cast( now() as datetime), false),
('user','1','ユーザー','3', cast( now() as datetime), cast( now() as datetime), false),
('visit','3','訪問する、アクセスする','3', cast( now() as datetime), cast( now() as datetime), false),
('wait','3','待機する','3', cast( now() as datetime), cast( now() as datetime), false),
('website','1','ウェブサイト','3', cast( now() as datetime), cast( now() as datetime), false),
('window','1','ウィンドウ','3', cast( now() as datetime), cast( now() as datetime), false),
('write','3','書き込む','3', cast( now() as datetime), cast( now() as datetime), false),
('you','2','あなた、ユーザー','3', cast( now() as datetime), cast( now() as datetime), false),
('your','2','あなたの、ユーザーの','3', cast( now() as datetime), cast( now() as datetime), false);

INSERT INTO `words` (`word`, `parts_of_speech_id`, `description`,  `word_type_id`  ,`created_at`, `updated_at`, `is_deleted`) VALUES
('addr','0','addressの略','4', cast( now() as datetime), cast( now() as datetime), false),
('admin','0','administratorの略','4', cast( now() as datetime), cast( now() as datetime), false),
('app','0','applicationの略','4', cast( now() as datetime), cast( now() as datetime), false),
('arg','0','argumentの略','4', cast( now() as datetime), cast( now() as datetime), false),
('args','0','argumentsの略','4', cast( now() as datetime), cast( now() as datetime), false),
('async','0','asynchronization（非同期）の略','4', cast( now() as datetime), cast( now() as datetime), false),
('attr','0','attributeの略','4', cast( now() as datetime), cast( now() as datetime), false),
('attrs','0','attributesの略','4', cast( now() as datetime), cast( now() as datetime), false),
('auth','0','authorization（権限付与）、authenticationの略','4', cast( now() as datetime), cast( now() as datetime), false),
('auto','0','automatic、automaticallyの略','4', cast( now() as datetime), cast( now() as datetime), false),
('cert','0','certified（認定された）、certificateの略','4', cast( now() as datetime), cast( now() as datetime), false),
('char','0','characterの略','4', cast( now() as datetime), cast( now() as datetime), false),
('cmd','0','commandの略','4', cast( now() as datetime), cast( now() as datetime), false),
('config','0','configurationの略','4', cast( now() as datetime), cast( now() as datetime), false),
('conn','0','connectionの略','4', cast( now() as datetime), cast( now() as datetime), false),
('ctrl','0','Controlキーの略','4', cast( now() as datetime), cast( now() as datetime), false),
('cur','0','current、cursorの略','4', cast( now() as datetime), cast( now() as datetime), false),
('db','0','databaseの略','4', cast( now() as datetime), cast( now() as datetime), false),
('deps','0','dependenciesの略','4', cast( now() as datetime), cast( now() as datetime), false),
('dest','0','destinationの略','4', cast( now() as datetime), cast( now() as datetime), false),
('dev','0','developer、developmentの略','4', cast( now() as datetime), cast( now() as datetime), false),
('dict','0','dictionaryの略','4', cast( now() as datetime), cast( now() as datetime), false),
('diff','0','differenceの略','4', cast( now() as datetime), cast( now() as datetime), false),
('dir','0','directoryの略','4', cast( now() as datetime), cast( now() as datetime), false),
('doc','0','documentの略','4', cast( now() as datetime), cast( now() as datetime), false),
('enum','0','enumerationの略','4', cast( now() as datetime), cast( now() as datetime), false),
('env','0','environmentの略','4', cast( now() as datetime), cast( now() as datetime), false),
('err','0','errorの略','4', cast( now() as datetime), cast( now() as datetime), false),
('exec','0','executionの略','4', cast( now() as datetime), cast( now() as datetime), false),
('fn','0','functionの略','4', cast( now() as datetime), cast( now() as datetime), false),
('gen','0','generationの略','4', cast( now() as datetime), cast( now() as datetime), false),
('id','0','identification、identifierの略','4', cast( now() as datetime), cast( now() as datetime), false),
('idx','0','indexの略','4', cast( now() as datetime), cast( now() as datetime), false),
('impl','0','implementationの略','4', cast( now() as datetime), cast( now() as datetime), false),
('info','0','informationの略','4', cast( now() as datetime), cast( now() as datetime), false),
('init','0','initializationの略','4', cast( now() as datetime), cast( now() as datetime), false),
('int','0','integerの略','4', cast( now() as datetime), cast( now() as datetime), false),
('lib','0','libraryの略','4', cast( now() as datetime), cast( now() as datetime), false),
('max','0','maximumの略','4', cast( now() as datetime), cast( now() as datetime), false),
('min','0','minimum、minuteの略','4', cast( now() as datetime), cast( now() as datetime), false),
('msg','0','messageの略','4', cast( now() as datetime), cast( now() as datetime), false),
('num','0','numberの略','4', cast( now() as datetime), cast( now() as datetime), false),
('obj','0','objectの略','4', cast( now() as datetime), cast( now() as datetime), false),
('op','0','operationの略','4', cast( now() as datetime), cast( now() as datetime), false),
('opts','0','optionsの略','4', cast( now() as datetime), cast( now() as datetime), false),
('param','0','parameterの略','4', cast( now() as datetime), cast( now() as datetime), false),
('params','0','parametersの略','4', cast( now() as datetime), cast( now() as datetime), false),
('pos','0','positionの略','4', cast( now() as datetime), cast( now() as datetime), false),
('prev','0','previousの略','4', cast( now() as datetime), cast( now() as datetime), false),
('prop','0','propertyの略','4', cast( now() as datetime), cast( now() as datetime), false),
('props','0','propertiesの略','4', cast( now() as datetime), cast( now() as datetime), false),
('ref','0','referenceの略','4', cast( now() as datetime), cast( now() as datetime), false),
('refs','0','referencesの略','4', cast( now() as datetime), cast( now() as datetime), false),
('regex','0','regular expressionの略','4', cast( now() as datetime), cast( now() as datetime), false),
('repo','0','repositoryの略','4', cast( now() as datetime), cast( now() as datetime), false),
('req','0','requestの略','4', cast( now() as datetime), cast( now() as datetime), false),
('res','0','responseの略','4', cast( now() as datetime), cast( now() as datetime), false),
('resp','0','responseの略','4', cast( now() as datetime), cast( now() as datetime), false),
('ret','0','returnの略','4', cast( now() as datetime), cast( now() as datetime), false),
('spec','0','specificationの略','4', cast( now() as datetime), cast( now() as datetime), false),
('src','0','sourceの略','4', cast( now() as datetime), cast( now() as datetime), false),
('str','0','stringの略','4', cast( now() as datetime), cast( now() as datetime), false),
('sync','0','synchronization（同期）の略','4', cast( now() as datetime), cast( now() as datetime), false),
('temp','0','temporaryの略','4', cast( now() as datetime), cast( now() as datetime), false),
('tmp','0','temporaryの略','4', cast( now() as datetime), cast( now() as datetime), false),
('usr','0','userの略','4', cast( now() as datetime), cast( now() as datetime), false),
('utils','0','utilities（ユーティリティー）の略','4', cast( now() as datetime), cast( now() as datetime), false),
('val','0','valueの略','4', cast( now() as datetime), cast( now() as datetime), false),
('var','0','variableの略','4', cast( now() as datetime), cast( now() as datetime), false),
('vars','0','variablesの略','4', cast( now() as datetime), cast( now() as datetime), false);

INSERT INTO `words` (`word`, `parts_of_speech_id`, `description`,  `word_type_id`  ,`created_at`, `updated_at`, `is_deleted`) VALUES
('API','0','Application Programming Interfaceのこと','5', cast( now() as datetime), cast( now() as datetime), false),
('CI','0','Continuous Integrationのこと','5', cast( now() as datetime), cast( now() as datetime), false),
('CLI','0','Command Line Interfaceのこと','5', cast( now() as datetime), cast( now() as datetime), false),
('CPU','0','Central Processing Unitのこと','5', cast( now() as datetime), cast( now() as datetime), false),
('CSS','0','Cascading Style Sheetのこと','5', cast( now() as datetime), cast( now() as datetime), false),
('DNS','0','Domain Name Systemのこと','5', cast( now() as datetime), cast( now() as datetime), false),
('DOM','0','Document Object Modelのこと','5', cast( now() as datetime), cast( now() as datetime), false),
('HTML','0','HyperText Markup Languageのこと','5', cast( now() as datetime), cast( now() as datetime), false),
('HTTP','0','HyperText Transfer Protocolのこと','5', cast( now() as datetime), cast( now() as datetime), false),
('HTTPS','0','HyperText Transfer Protocol Secureのこと','5', cast( now() as datetime), cast( now() as datetime), false),
('IDE','0','Integrated Development Environmentのこと','5', cast( now() as datetime), cast( now() as datetime), false),
('IE','0','Id Est（ラテン語で「つまり」）、Internet Explorerのこと','5', cast( now() as datetime), cast( now() as datetime), false),
('IO','0','Input/Outputのこと','5', cast( now() as datetime), cast( now() as datetime), false),
('IP','0','Internet Protocolのこと','5', cast( now() as datetime), cast( now() as datetime), false),
('JSON','0','JavaScript Object Notationのこと','5', cast( now() as datetime), cast( now() as datetime), false),
('NFC','0','Near Field Communicationのこと','5', cast( now() as datetime), cast( now() as datetime), false),
('OS','0','Operating Systemのこと','5', cast( now() as datetime), cast( now() as datetime), false),
('RE','0','Regular Expressionのこと','5', cast( now() as datetime), cast( now() as datetime), false),
('RGB','0','Red Green Blueのこと','5', cast( now() as datetime), cast( now() as datetime), false),
('SDK','0','Software Development Kitのこと','5', cast( now() as datetime), cast( now() as datetime), false),
('SQL','0','Structured Query Languageのこと','5', cast( now() as datetime), cast( now() as datetime), false),
('SSH','0','Secure SHellのこと','5', cast( now() as datetime), cast( now() as datetime), false),
('SSL','0','Secure Sockets Layerのこと','5', cast( now() as datetime), cast( now() as datetime), false),
('UI','0','User Interfaceのこと','5', cast( now() as datetime), cast( now() as datetime), false),
('URI','0','Uniform Resource Identifierのこと','5', cast( now() as datetime), cast( now() as datetime), false),
('URL','0','Uniform Resource Locatorのこと','5', cast( now() as datetime), cast( now() as datetime), false),
('VM','0','Virtual Machineのこと','5', cast( now() as datetime), cast( now() as datetime), false),
('WIP','0','Work In Progress（作業中）のこと','5', cast( now() as datetime), cast( now() as datetime), false),
('WWW','0','World Wide Webのこと','5', cast( now() as datetime), cast( now() as datetime), false),
('XML','0','eXtensible Markup Languageのこと','5', cast( now() as datetime), cast( now() as datetime), false);